날짜,영역번호,영역,문제,출제 방식,답안_서론,답안_본론,답안_결론,답안 제출,가스기술사 점수,가스기술사 평가,공학박사 점수,공학박사 평가,채점위원 점수,채점위원 평가,전문기자 점수,전문기자 평가,종합 점수,종합의견,평가 일시,모범답안,모범답안 일시,출제 일시,답안 저장
2026-09-26,1,연소·폭발공학,(예시) 최소점화에너지(MIE)의 정의와 이에 영향을 주는 인자를 설명하시오.,예시,(예시 답안 — 서론) 문제에서 다루는 개념을 한두 문장으로 정의하는 자리입니다.,(예시 답안 — 본론) 1. 원리  2. 영향 인자  3. 현장 적용 순서로 항목을 나누어 쓰는 자리입니다.,(예시 답안 — 결론) 실무 시사점과 본인 의견을 정리하는 자리입니다.,2026-09-26 08:40,72,(예시 평가) 가스기술사 관점 의견이 들어가는 자리입니다. 실제 AI 평가가 아닙니다.,68,(예시 평가) 공학박사 관점 의견이 들어가는 자리입니다. 실제 AI 평가가 아닙니다.,75,(예시 평가) 채점위원 관점 의견이 들어가는 자리입니다. 실제 AI 평가가 아닙니다.,60,(예시 평가) 전문기자 관점 의견이 들어가는 자리입니다. 실제 AI 평가가 아닙니다.,68.8,(예시 종합의견) 네 관점을 종합한 총평이 들어가는 자리입니다.,2026-09-26 09:00,"[서론]
(예시 모범답안) AI가 쓴 모범답안을 붙여 넣으면 이 자리에 표시됩니다.

[본론]
(예시) 항목별 본문 자리입니다.

[결론]
(예시) 결론 자리입니다.",2026-09-26 09:10,2026-09-26 07:00,2026-09-26 08:30
2026-09-26,2,방폭공학,(예시) 위험장소 구분의 개념과 구분할 때 고려할 사항을 설명하시오.,예시,(예시 답안 — 서론) 문제에서 다루는 개념을 한두 문장으로 정의하는 자리입니다.,(예시 답안 — 본론) 1. 원리  2. 영향 인자  3. 현장 적용 순서로 항목을 나누어 쓰는 자리입니다.,(예시 답안 — 결론) 실무 시사점과 본인 의견을 정리하는 자리입니다.,2026-09-26 08:40,55,(예시 평가) 가스기술사 관점 의견이 들어가는 자리입니다. 실제 AI 평가가 아닙니다.,50,(예시 평가) 공학박사 관점 의견이 들어가는 자리입니다. 실제 AI 평가가 아닙니다.,62,(예시 평가) 채점위원 관점 의견이 들어가는 자리입니다. 실제 AI 평가가 아닙니다.,48,(예시 평가) 전문기자 관점 의견이 들어가는 자리입니다. 실제 AI 평가가 아닙니다.,53.8,(예시 종합의견) 네 관점을 종합한 총평이 들어가는 자리입니다.,2026-09-26 09:00,,,2026-09-26 07:00,2026-09-26 08:30
2026-09-26,3,기초역학,(예시) 베르누이 방정식의 가정과 가스배관 유량 계산에서의 활용을 설명하시오.,예시,(예시 답안 — 서론) 문제에서 다루는 개념을 한두 문장으로 정의하는 자리입니다.,(예시 답안 — 본론) 1. 원리  2. 영향 인자  3. 현장 적용 순서로 항목을 나누어 쓰는 자리입니다.,(예시 답안 — 결론) 실무 시사점과 본인 의견을 정리하는 자리입니다.,2026-09-26 08:40,80,(예시 평가) 가스기술사 관점 의견이 들어가는 자리입니다. 실제 AI 평가가 아닙니다.,85,(예시 평가) 공학박사 관점 의견이 들어가는 자리입니다. 실제 AI 평가가 아닙니다.,78,(예시 평가) 채점위원 관점 의견이 들어가는 자리입니다. 실제 AI 평가가 아닙니다.,70,(예시 평가) 전문기자 관점 의견이 들어가는 자리입니다. 실제 AI 평가가 아닙니다.,78.3,(예시 종합의견) 네 관점을 종합한 총평이 들어가는 자리입니다.,2026-09-26 09:00,"[서론]
(예시 모범답안) AI가 쓴 모범답안을 붙여 넣으면 이 자리에 표시됩니다.

[본론]
(예시) 항목별 본문 자리입니다.

[결론]
(예시) 결론 자리입니다.",2026-09-26 09:10,2026-09-26 07:00,2026-09-26 08:30
2026-09-26,4,연소기기 및 가스용품,(예시) 가스연소기의 역화와 선화의 원인과 대책을 설명하시오.,예시,,,,,,,,,,,,,,,,,,2026-09-26 07:00,
2026-09-26,5,고압가스,(예시) 고압가스 설비에 안전밸브를 설치하는 목적과 선정 시 고려사항을 설명하시오.,예시,(예시 답안 — 서론) 문제에서 다루는 개념을 한두 문장으로 정의하는 자리입니다.,(예시 답안 — 본론) 1. 원리  2. 영향 인자  3. 현장 적용 순서로 항목을 나누어 쓰는 자리입니다.,(예시 답안 — 결론) 실무 시사점과 본인 의견을 정리하는 자리입니다.,2026-09-26 08:40,66,(예시 평가) 가스기술사 관점 의견이 들어가는 자리입니다. 실제 AI 평가가 아닙니다.,70,(예시 평가) 공학박사 관점 의견이 들어가는 자리입니다. 실제 AI 평가가 아닙니다.,64,(예시 평가) 채점위원 관점 의견이 들어가는 자리입니다. 실제 AI 평가가 아닙니다.,58,(예시 평가) 전문기자 관점 의견이 들어가는 자리입니다. 실제 AI 평가가 아닙니다.,64.5,(예시 종합의견) 네 관점을 종합한 총평이 들어가는 자리입니다.,2026-09-26 09:00,,,2026-09-26 07:00,2026-09-26 08:30
2026-09-26,6,LPG 설비,(예시) LPG 기화기의 종류별 특징을 설명하시오.,예시,,,,,,,,,,,,,,,,,,2026-09-26 07:00,
2026-09-26,7,도시가스,(예시) 도시가스 배관의 전기방식 방법을 비교해 설명하시오.,예시,(예시 답안 — 서론) 문제에서 다루는 개념을 한두 문장으로 정의하는 자리입니다.,(예시 답안 — 본론) 1. 원리  2. 영향 인자  3. 현장 적용 순서로 항목을 나누어 쓰는 자리입니다.,(예시 답안 — 결론) 실무 시사점과 본인 의견을 정리하는 자리입니다.,2026-09-26 08:40,74,(예시 평가) 가스기술사 관점 의견이 들어가는 자리입니다. 실제 AI 평가가 아닙니다.,72,(예시 평가) 공학박사 관점 의견이 들어가는 자리입니다. 실제 AI 평가가 아닙니다.,80,(예시 평가) 채점위원 관점 의견이 들어가는 자리입니다. 실제 AI 평가가 아닙니다.,65,(예시 평가) 전문기자 관점 의견이 들어가는 자리입니다. 실제 AI 평가가 아닙니다.,72.8,(예시 종합의견) 네 관점을 종합한 총평이 들어가는 자리입니다.,2026-09-26 09:00,"[서론]
(예시 모범답안) AI가 쓴 모범답안을 붙여 넣으면 이 자리에 표시됩니다.

[본론]
(예시) 항목별 본문 자리입니다.

[결론]
(예시) 결론 자리입니다.",2026-09-26 09:10,2026-09-26 07:00,2026-09-26 08:30
2026-09-26,8,수소안전,(예시) 수소취성의 발생 과정과 방지대책을 설명하시오.,예시,(예시 답안 — 서론) 문제에서 다루는 개념을 한두 문장으로 정의하는 자리입니다.,(예시 답안 — 본론) 1. 원리  2. 영향 인자  3. 현장 적용 순서로 항목을 나누어 쓰는 자리입니다.,(예시 답안 — 결론) 실무 시사점과 본인 의견을 정리하는 자리입니다.,2026-09-26 08:40,52,(예시 평가) 가스기술사 관점 의견이 들어가는 자리입니다. 실제 AI 평가가 아닙니다.,58,(예시 평가) 공학박사 관점 의견이 들어가는 자리입니다. 실제 AI 평가가 아닙니다.,55,(예시 평가) 채점위원 관점 의견이 들어가는 자리입니다. 실제 AI 평가가 아닙니다.,50,(예시 평가) 전문기자 관점 의견이 들어가는 자리입니다. 실제 AI 평가가 아닙니다.,53.8,(예시 종합의견) 네 관점을 종합한 총평이 들어가는 자리입니다.,2026-09-26 09:00,,,2026-09-26 07:00,2026-09-26 08:30
2026-09-26,9,가스용기,(예시) 이음매 없는 용기와 용접용기의 특징을 비교해 설명하시오.,예시,,,,,,,,,,,,,,,,,,2026-09-26 07:00,
2026-09-26,10,저장탱크,(예시) 저장탱크 방류둑의 설치 목적과 설계 시 고려사항을 설명하시오.,예시,,,,,,,,,,,,,,,,,,2026-09-26 07:00,
2026-09-27,1,연소·폭발공학,(예시) 폭연(Deflagration)과 폭굉(Detonation)의 차이를 설명하시오.,예시,(예시 답안 — 서론) 문제에서 다루는 개념을 한두 문장으로 정의하는 자리입니다.,(예시 답안 — 본론) 1. 원리  2. 영향 인자  3. 현장 적용 순서로 항목을 나누어 쓰는 자리입니다.,(예시 답안 — 결론) 실무 시사점과 본인 의견을 정리하는 자리입니다.,2026-09-27 08:40,76,(예시 평가) 가스기술사 관점 의견이 들어가는 자리입니다. 실제 AI 평가가 아닙니다.,70,(예시 평가) 공학박사 관점 의견이 들어가는 자리입니다. 실제 AI 평가가 아닙니다.,78,(예시 평가) 채점위원 관점 의견이 들어가는 자리입니다. 실제 AI 평가가 아닙니다.,66,(예시 평가) 전문기자 관점 의견이 들어가는 자리입니다. 실제 AI 평가가 아닙니다.,72.5,(예시 종합의견) 네 관점을 종합한 총평이 들어가는 자리입니다.,2026-09-27 09:00,"[서론]
(예시 모범답안) AI가 쓴 모범답안을 붙여 넣으면 이 자리에 표시됩니다.

[본론]
(예시) 항목별 본문 자리입니다.

[결론]
(예시) 결론 자리입니다.",2026-09-27 09:10,2026-09-27 07:00,2026-09-27 08:30
2026-09-27,2,방폭공학,(예시) 내압방폭구조의 원리와 특징을 설명하시오.,예시,(예시 답안 — 서론) 문제에서 다루는 개념을 한두 문장으로 정의하는 자리입니다.,(예시 답안 — 본론) 1. 원리  2. 영향 인자  3. 현장 적용 순서로 항목을 나누어 쓰는 자리입니다.,(예시 답안 — 결론) 실무 시사점과 본인 의견을 정리하는 자리입니다.,2026-09-27 08:40,60,(예시 평가) 가스기술사 관점 의견이 들어가는 자리입니다. 실제 AI 평가가 아닙니다.,54,(예시 평가) 공학박사 관점 의견이 들어가는 자리입니다. 실제 AI 평가가 아닙니다.,65,(예시 평가) 채점위원 관점 의견이 들어가는 자리입니다. 실제 AI 평가가 아닙니다.,52,(예시 평가) 전문기자 관점 의견이 들어가는 자리입니다. 실제 AI 평가가 아닙니다.,57.8,(예시 종합의견) 네 관점을 종합한 총평이 들어가는 자리입니다.,2026-09-27 09:00,,,2026-09-27 07:00,2026-09-27 08:30
2026-09-27,3,기초역학,(예시) 관로 마찰손실에 영향을 주는 인자를 설명하시오.,예시,,,,,,,,,,,,,,,,,,2026-09-27 07:00,
2026-09-27,4,연소기기 및 가스용품,(예시) 불완전연소의 원인과 방지대책을 설명하시오.,예시,(예시 답안 — 서론) 문제에서 다루는 개념을 한두 문장으로 정의하는 자리입니다.,(예시 답안 — 본론) 1. 원리  2. 영향 인자  3. 현장 적용 순서로 항목을 나누어 쓰는 자리입니다.,(예시 답안 — 결론) 실무 시사점과 본인 의견을 정리하는 자리입니다.,2026-09-27 08:40,70,(예시 평가) 가스기술사 관점 의견이 들어가는 자리입니다. 실제 AI 평가가 아닙니다.,66,(예시 평가) 공학박사 관점 의견이 들어가는 자리입니다. 실제 AI 평가가 아닙니다.,72,(예시 평가) 채점위원 관점 의견이 들어가는 자리입니다. 실제 AI 평가가 아닙니다.,62,(예시 평가) 전문기자 관점 의견이 들어가는 자리입니다. 실제 AI 평가가 아닙니다.,67.5,(예시 종합의견) 네 관점을 종합한 총평이 들어가는 자리입니다.,2026-09-27 09:00,,,2026-09-27 07:00,2026-09-27 08:30
2026-09-27,5,고압가스,(예시) 고압가스 충전설비의 정전기 방지대책을 설명하시오.,예시,(예시 답안 — 서론) 문제에서 다루는 개념을 한두 문장으로 정의하는 자리입니다.,(예시 답안 — 본론) 1. 원리  2. 영향 인자  3. 현장 적용 순서로 항목을 나누어 쓰는 자리입니다.,(예시 답안 — 결론) 실무 시사점과 본인 의견을 정리하는 자리입니다.,2026-09-27 08:40,,,,,,,,,,,,,,2026-09-27 07:00,2026-09-27 08:30
2026-09-27,6,LPG 설비,(예시) 액화가스 저장설비에서 BLEVE가 일어나는 과정과 방지대책을 설명하시오.,예시,(예시 답안 — 서론) 문제에서 다루는 개념을 한두 문장으로 정의하는 자리입니다.,(예시 답안 — 본론) 1. 원리  2. 영향 인자  3. 현장 적용 순서로 항목을 나누어 쓰는 자리입니다.,(예시 답안 — 결론) 실무 시사점과 본인 의견을 정리하는 자리입니다.,2026-09-27 08:40,,,,,,,,,,,,,,2026-09-27 07:00,2026-09-27 08:30
2026-09-27,7,도시가스,(예시) 정압기의 기능과 주요 구성요소를 설명하시오.,예시,,,,,,,,,,,,,,,,,,2026-09-27 07:00,
2026-09-27,8,수소안전,(예시) 수소충전소의 주요 위험요소와 안전대책을 설명하시오.,예시,,,,,,,,,,,,,,,,,,2026-09-27 07:00,
2026-09-27,9,가스용기,(예시) 가스용기 재검사의 목적과 주요 검사 항목을 설명하시오.,예시,(예시 답안 — 서론) 문제에서 다루는 개념을 한두 문장으로 정의하는 자리입니다.,(예시 답안 — 본론) 1. 원리  2. 영향 인자  3. 현장 적용 순서로 항목을 나누어 쓰는 자리입니다.,(예시 답안 — 결론) 실무 시사점과 본인 의견을 정리하는 자리입니다.,,,,,,,,,,,,,,,2026-09-27 07:00,2026-09-27 08:30
2026-09-27,10,저장탱크,(예시) 저온 저장탱크의 단열 방식과 특징을 설명하시오.,예시,,,,,,,,,,,,,,,,,,2026-09-27 07:00,